AmAcid	Codon	Number	/1000
Gly	GGG	669768	16.47
Gly	GGA	669873	16.47
Gly	GGT	437126	10.75
Gly	GGC	903565	22.22
Glu	GAG	1609975	39.59
Glu	GAA	1177632	28.96
Asp	GAT	885429	21.78
Asp	GAC	1020595	25.10
Val	GTG	1143534	28.12
Val	GTA	287712	7.08
Val	GTT	448607	11.03
Val	GTC	588138	14.46
Ala	GCG	299495	7.37
Ala	GCA	643471	15.82
Ala	GCT	750096	18.45
Ala	GCC	1127679	27.73
End	AGG	486463	11.96
End	AGA	494682	12.17
Ser	AGT	493429	12.13
Ser	AGC	791383	19.46
Lys	AAG	1295568	31.86
Lys	AAA	993621	24.44
Asn	AAT	689701	16.96
Asn	AAC	776603	19.10
Met	ATG	896005	22.04
Met	ATA	304565	7.49
Ile	ATT	650473	16.00
Ile	ATC	846466	20.82
Thr	ACG	246105	6.05
Thr	ACA	614523	15.11
Thr	ACT	533609	13.12
Thr	ACC	768147	18.89
Trp	TGG	535595	13.17
Trp	TGA	63237	1.56
Cys	TGT	430311	10.58
Cys	TGC	513028	12.62
End	TAG	32109	0.79
End	TAA	40285	0.99
Tyr	TAT	495699	12.19
Tyr	TAC	622407	15.31
Leu	TTG	525688	12.93
Leu	TTA	311881	7.67
Phe	TTT	714298	17.57
Phe	TTC	824692	20.28
Ser	TCG	179419	4.41
Ser	TCA	496448	12.21
Ser	TCT	618711	15.22
Ser	TCC	718892	17.68
Arg	CGG	464485	11.42
Arg	CGA	250760	6.17
Arg	CGT	184609	4.54
Arg	CGC	423516	10.42
Gln	CAG	1391973	34.23
Gln	CAA	501911	12.34
His	CAT	441711	10.86
His	CAC	613713	15.09
Leu	CTG	1611801	39.64
Leu	CTA	290751	7.15
Leu	CTT	536515	13.19
Leu	CTC	796638	19.59
Pro	CCG	281570	6.92
Pro	CCA	688038	16.92
Pro	CCT	713233	17.54
Pro	CCC	804620	19.79
